ordinal,slug,make,model,year
2740,,Abarth,124 Spider,2017
2489,,Abarth,695 Biposto,2016
1124,,Abarth,Fiat 131,1980
2017,,Abarth,595 esseesse,1968
2352,,Acura,NSX,2017
422,,Acura,RSX Type-S,2002
368,,Acura,Integra Type-R,2001
2542,,Alfa Romeo,Giulia Quadrifoglio,2017
2038,,Alfa Romeo,4C,2014
1032,,Alfa Romeo,8C Competizione,2007
1393,,Alfa Romeo,155 Q4,1992
1549,,Alfa Romeo,33 Stradale,1968
1150,,Alfa Romeo,Giulia Sprint GTA Stradale,1965
2161,,Alfa Romeo,Giulia TZ2,1965
2973,,Alpine,A110,2017
1536,,Alpine,A110 1600s,1973
3693,,Alumicraft,Trick Truck #6165,2022
3549,,Alumicraft,Class 1 Buggy #122,2021
2552,,Alumicraft,Class 10 Race Car,2015
1482,,AMC,Gremlin X,1973
1267,,AMC,Javelin AMX,1971
1572,,AMC,Rebel The Machine,1970
2574,,AMG Transport Dynamics,M12S Warthog CST,2554
3141,,Apollo,Intensa Emozione,2018
3682,,Apollo,Intensa Emozione,2018
2430,,Ariel,Nomad,2016
3786,,Ariel,Atom 500 V8,2013
1451,,Ascari,KZ1R,2012
2968,,Aston Martin,Valkyrie,2023
3631,,Aston Martin,Valkyrie AMR Pro,2022
3580,,Aston Martin,DBX,2021
3185,,Aston Martin,DBS Superleggera,2019
3364,,Aston Martin,Valhalla Concept Car,2019
3091,,Aston Martin,Vantage,2019
2527,,Aston Martin,DB11,2017
3125,,Aston Martin,Vanquish Zagato Coupe,2017
3211,,Aston Martin,Vulcan AMR Pro,2017
2493,,Aston Martin,Vantage GT12,2015
1651,,Aston Martin,V12 Vantage S,2013
1181,,Aston Martin,One-77,2010
1081,,Aston Martin,DBS,2008
3274,,Aston Martin,Lagonda,1990
1105,,Aston Martin,DB5,1964
1386,,Aston Martin,DBR1,1958
3195,,ATS,GT,2018
3583,,Audi,RS 6 Avant,2021
3584,,Audi,RS 7 Sportback,2021
3359,,Audi,RS e-tron GT,2021
3453,,Audi,RS 3 Sedan,2020
3454,,Audi,TT RS Coupe,2020
3318,,Audi,RS 4 Avant,2018
3264,,Audi,RS 5 Coupe,2018
3286,,Audi,TT RS,2018
2473,,Audi,R8 V10 plus,2016
2180,,Audi,RS 6 Avant,2015
2179,,Audi,S1,2015
2182,,Audi,TTS Coupe,2015
2181,,Audi,R8 Coupe V10 plus,2013
2010,,Audi,RS 4 Avant,2013
1607,,Audi,RS 7 Sportback,2013
1216,,Audi,RS 3 Sportback,2011
1417,,Audi,RS 5 Coupe,2011
1220,,Audi,TT RS Coupe,2010
1184,,Audi,RS 6,2009
419,,Audi,RS 4,2006
420,,Audi,RS 6,2003
2178,,Audi,Avant RS 2,1995
1478,,Audi,Sport quattro S1 #2,1986
633,,Audi,Sport quattro,1983
1574,,Austin-Healey,Sprite MkI,1958
2096,,Auto Union,Type D,1939
3360,,Automobili Pininfarina,Battista,2020
3854,,Autozam,AZ-1,1993
2040,,BAC,Mono,2014
3728,,Bentley,Continental GT Convertible,2021
3588,,Bentley,Flying Spur,2021
2665,,Bentley,Continental Supersports,2017
2625,,Bentley,Bentayga,2016
3172,,Bentley,Turbo R,1991
2976,,Bentley,8 Litre,1930
1372,,Bentley,Blower 4-1/2 Litre,1930
3763,,BMW,M2,2023
3734,,BMW,i4 eDrive40,2022
3737,,BMW,iX xDrive50,2022
3764,,BMW,M5 CS,2022
3644,,BMW,M3 Competition Sedan,2021
3645,,BMW,M4 Competition Coupe,2021
3518,,BMW,M8 Competition Coupe,2020
3173,,BMW,Z4 Roadster,2019
3073,,BMW,M Motorsport M8 GTE #1,2018
3071,,BMW,M5,2018
2477,,BMW,M2 Coupe,2016
2628,,BMW,M4 GTS,2016
2133,,BMW,i8,2015
2431,,BMW,X6 M,2015
2154,,BMW,M4 Coupe,2014
2018,,BMW,M6 Coupe,2013
1385,,BMW,1 Series M Coupe,2011
1350,,BMW,X5 M,2011
3556,,BMW,X5 M Forza Edition,2011
1598,,BMW,M3 GTS,2010
1126,,BMW,M5,2009
1011,,BMW,M3,2008
1059,,BMW,Z4 M Coupe,2008
383,,BMW,M3,2005
1367,,BMW,M5,2003
565,,BMW,M3-GTR,2002
1268,,BMW,Z3 M Coupe,2002
382,,BMW,M3,1997
1493,,BMW,850CSi,1995
1418,,BMW,M5,1995
642,,BMW,M3,1991
1368,,BMW,M5,1988
1290,,BMW,M635CSi,1986
1040,,BMW,M1,1981
1269,,BMW,2002 Turbo,1973
2412,,BMW,Isetta 300 Export,1957
3285,,Brabham,BT62,2019
3168,,Bugatti,Divo,2019
2624,,Bugatti,Chiron,2018
1328,,Bugatti,Veyron Super Sport,2011
1219,,Bugatti,EB110 Super Sport,1992
2066,,Bugatti,Type 35 C,1926
1329,,Buick,Regal GNX,1987
417,,Buick,GSX,1970
3719,,Cadillac,CT4-V Blackwing,2022
3720,,Cadillac,CT5-V Blackwing,2022
2262,,Cadillac,ATS-V,2016
2421,,Cadillac,CTS-V Sedan,2016
3281,,Cadillac,Cadillac Racing ATS-V.R #3,2015
3242,,Cadillac,CTS-V Sport Wagon,2014
2128,,Cadillac,XTS Limousine,2013
2871,,Can-Am,Maverick X RS Turbo R,2018
3603,,Casey Currie Motorsports,Ultra 4 Trophy Jeep #4402,2019
1652,,Caterham,Superlight R500,2013
3771,,Chevrolet,Corvette E-Ray,2024
3766,,Chevrolet,Corvette Z06,2023
3490,,Chevrolet,Corvette Racing C8.R #3,2020
3369,,Chevrolet,Corvette Stingray Coupe,2020
3477,,Chevrolet,Silverado LT Trail Boss,2020
3118,,Chevrolet,Corvette ZR1,2019
3149,,Chevrolet,Camaro ZL1 1LE,2018
3163,,Chevrolet,Hot Wheels COPO Camaro,2018
2739,,Chevrolet,Camaro ZL1,2017
2847,,Chevrolet,Colorado ZR2,2017
2183,,Chevrolet,Camaro Z/28,2015
2177,,Chevrolet,Corvette Z06,2015
2130,,Chevrolet,Summit Racing Pro Stock Camaro,2013
1069,,Chevrolet,Corvette ZR1,2009
314,,Chevrolet,Corvette Z06,2002
1379,,Chevrolet,Impala Super Sport,1996
2006,,Chevrolet,Corvette ZR-1,1995
1575,,Chevrolet,Monte Carlo Super Sport,1988
1064,,Chevrolet,Camaro Z28,1979
1330,,Chevrolet,Camaro Z28,1970
299,,Chevrolet,Chevelle Super Sport 454,1970
315,,Chevrolet,Corvette ZR-1,1970
1291,,Chevrolet,El Camino Super Sport 454,1970
3972,,Chevrolet,Camaro Jordan Luka 3 Forza Edition,1969
289,,Chevrolet,Camaro Super Sport Coupe,1969
1429,,Chevrolet,Nova Super Sport 396,1969
312,,Chevrolet,Corvette Stingray 427,1967
1354,,Chevrolet,Nova Super Sport,1966
1300,,Chevrolet,Impala Super Sport 409,1964
1093,,Chevrolet,Corvette,1960
1459,,Chevrolet,Bel Air,1957
3808,,Chevrolet,Barbie Movie Corvette EV,1956
2507,,Chevrolet,150 Utility Sedan,1955
1564,,Chevrolet,Corvette,1953
3559,,Chevrolet,Corvette Forza Edition,1953
3508,,Citroen,BX4TC,1986
3746,,CUPRA,Formentor VZ5,2022
3747,,CUPRA,Tavascan Concept,2022
3748,,CUPRA,UrbanRebel Concept,2022
3757,,Czinger,21C,2024
1104,,Datsun,510,1970
3439,,DeBerti,Ford Super Duty F-250 Lariat,2019
3441,,DeBerti,Toyota Tacoma TRD,2019
3088,,DeBerti,Chevrolet Silverado 1500 Drift Truck,2018
3109,,DeBerti,F-150 Prerunner Truck,2018
3085,,DeBerti,Ford Mustang GT,2018
3110,,DeBerti,Wrangler Unlimited,2018
3896,,DeBerti,Chevrolet C10 Slayer,1965
3438,,DeBerti,Ford Econoline Shop Rod,1961
1270,delorean,DeLorean,DMC-12,1982
3959,,Dodge,Challenger SRT Super Stock,2022
3850,,Dodge,Durango SRT Hellcat,2021
2909,,Dodge,Challenger SRT Demon,2018
2839,,Dodge,Durango SRT,2018
2544,,Dodge,Viper ACR,2016
2263,,Dodge,Challenger SRT Hellcat,2015
2468,,Dodge,Charger SRT Hellcat,2015
3749,,Dodge,SRT Viper GTS Anniversary Edition,2013
1562,,Dodge,SRT Viper GTS,2013
3169,,Dodge,Magnum SRT8,2008
1046,,Dodge,Viper SRT10 ACR,2008
483,,Dodge,Viper GTS ACR,1999
639,,Dodge,Challenger R/T,1970
1352,,Dodge,Coronet Super Bee,1970
1063,,Dodge,Charger Daytona HEMI,1969
513,,Dodge,Charger R/T,1969
3561,,Dodge,Charger R/T Forza Edition,1969
1332,,Dodge,Dart HEMI Super Stock,1968
2105,,Donkervoort,D8 GTO,2013
2432,,DS Automobiles,DS 23,1975
1388,,Eagle,Speedster,2012
3334,,Elemental,RP1,2019
3089,,Exomotive,Exocet Off-Road,2018
3562,,Exomotive,Exocet Off-Road Forza Edition,2018
3708,,Extreme E,ABT Cupra XE #125,2022
3709,,Extreme E,JBXE #22,2022
3710,,Extreme E,Genesys Andretti United #23,2022
3711,,Extreme E,XITE Racing Team #42,2022
3712,,Extreme E,X44 #44,2022
3713,,Extreme E,Veloce Racing #5,2022
3714,,Extreme E,ACCIONA/Sainz XE Team #55,2022
3727,,Extreme E,McLaren Racing #58,2022
3715,,Extreme E,Rosberg X Racing #6,2022
3733,,Extreme E,Chip Ganassi Racing GMC Hummer EV #99,2022
3836,,Fast and Furious,Dodge Charger SRT Hellcat Redeye Widebody,2022
3838,,Fast and Furious,Flip Car 2.0,2022
3832,,Fast and Furious,Datsun 240Z,1973
3837,,Fast and Furious,Dodge Charger,1970
3835,,Fast and Furious,Chevrolet Impala Super Sport,1966
3724,,Ferrari,296 GTB,2022
3594,,Ferrari,Roma,2020
3595,,Ferrari,SF90 Stradale,2020
3227,,Ferrari,488 Pista,2019
2972,,Ferrari,Risi Competitizione 488 GTE #62,2019
3367,,Ferrari,F8 Tributo,2019
3312,,Ferrari,Monza SP2,2019
3311,,Ferrari,FXX-K EVO,2018
3225,,Ferrari,Portofino,2018
3112,,Ferrari,Corse Clienti 488 Challenge #25,2017
2974,,Ferrari,812 Superfast,2017
3122,,Ferrari,GTC4Lusso,2017
3226,,Ferrari,J50,2017
2467,,Ferrari,488 GTB,2015
2577,,Ferrari,F12tdf,2015
2194,,Ferrari,California T,2014
2371,,Ferrari,FXX K,2014
2184,,Ferrari,458 Speciale,2013
2034,,Ferrari,LaFerrari,2013
2908,,Ferrari,599XX Evoluzione,2012
1319,,Ferrari,599 GTO,2010
1171,,Ferrari,599XX,2010
1131,,Ferrari,458 Italia,2009
1022,,Ferrari,430 Scuderia,2007
1006,,Ferrari,FXX,2005
297,,Ferrari,360 Challenge Stradale,2003
257,,Ferrari,575M Maranello,2002
333,,Ferrari,Enzo Ferrari,2002
1020,,Ferrari,F50 GT,1996
342,,Ferrari,F50,1995
253,,Ferrari,F355 Berlinetta,1994
255,,Ferrari,512 TR,1992
1023,,Ferrari,F40 Competizione,1989
340,,Ferrari,F40,1987
358,,Ferrari,288 GTO,1984
3062,,Ferrari,512 S,1970
326,,Ferrari,Dino 246 GT,1969
1318,,Ferrari,365 GTB/4,1968
2793,,Ferrari,Ferrari Spa 330 P4 #24,1967
1578,,Ferrari,250 GT Berlinetta Lusso,1962
249,,Ferrari,250 GTO,1962
1271,,Ferrari,250 California,1957
1154,,Ferrari,250 Testa Rossa,1957
2195,,FIAT,124 Sport Spider,1980
1615,,FIAT,Dino 2.4 Coupe,1969
3847,,Ford,Mustang Dark Horse,2024
3846,,Ford,Mustang GT,2024
3849,,Ford,F-150 Raptor R,2023
3903,,Ford,Fiesta ST,2023
3736,,Ford,Bronco Raptor,2022
3692,,Ford,F-150 Lightning Platinum,2022
3904,,Ford,Focus ST,2022
3755,,Ford,Supervan 4,2022
3489,,Ford,Bronco,2021
3598,,Ford,Mustang Mach-E 1400,2021
3404,,Ford,Performance Bronco R #2069,2020
3684,,Ford,Performance Bronco R Welcome Pack #2069,2020
3277,,Ford,Mustang Shelby GT500,2020
3476,,Ford,Super Duty F-450 DRW Platinum,2020
3174,,Ford,Ranger Raptor,2019
3093,,Ford,Mustang RTR #25,2018
3151,,Ford,Mustang RTR #88,2018
3046,,Ford,Mustang GT,2018
3108,,Ford,Mustang RTR Spec 5,2018
2937,,Ford,Rahal Letterman Lanigan Racing GRC Fiesta #14,2017
3128,,Ford,Brocky Ultra4 Bronco RTR #25,2017
2397,,Ford,F-150 Raptor,2017
2357,,Ford,Focus RS,2017
3699,,Ford,GT OPI Edition,2017
2363,,Ford,GT,2017
3051,,Ford,M-Sport Fiesta RS,2017
2543,,Ford,Ford Racing GTLM Le Mans #66,2016
2400,,Ford,Shelby GT350R,2016
2580,,Ford,Falcon GT F 351,2015
2517,,Ford,Rockstar F-150 Trophy Truck #11,2014
2011,,Ford,Fiesta ST,2014
2551,,Ford,FPV Limited Edition Pursuit Ute,2014
2145,,Ford,Ranger T6 Rally Raid,2014
1654,,Ford,Shelby GT500,2013
1460,,Ford,Transit SuperSportVan,2011
2649,,Ford,Crown Victoria Police Interceptor,2010
1086,,Ford,Focus RS,2009
348,,Ford,GT,2005
3190,,Ford,F-150 SVT Lightning,2003
2019,,Ford,Focus RS,2003
3199,,Ford,Mustang SVT Cobra,2003
3670,,Ford,Focus RS #4,2001
405,,Ford,SVT Cobra R,2000
3228,,Ford,Racing Puma,1999
3564,,Ford,Racing Puma Forza Edition,1999
1510,,Ford,Mustang SVT Cobra R,1995
3170,,Ford,Supervan 3,1994
9007,,Ford,Supervan 3 Donut Media Edition,1994
1041,,Ford,SVT Cobra R,1993
1272,,Ford,Escort RS Cosworth,1992
1293,,Ford,Sierra Cosworth RS500,1987
2981,,Ford,Escort RS Turbo,1986
3597,,Ford,F-150 XLT Lariat,1986
3181,,Ford,Mustang SVO,1986
1108,,Ford,RS200 Evolution,1985
2158,,Ford,Fiesta XR2,1981
3184,,Ford,Escort RS1800 MkII #5,1977
1302,,Ford,Escort RS1800,1977
2187,,Ford,Bronco,1975
1529,,Ford,Capri RS3100,1973
1580,,Ford,Escort RS1600,1973
1278,,Ford,XB Falcon GT,1973
2585,,Ford,Falcon XA GT-HO,1972
1320,,Ford,Mustang Mach 1,1971
3167,,Ford,GT70,1970
1668,,Ford,Mustang Boss 302,1969
2614,,Ford,Mustang GT 2+2 Fastback,1968
3183,,Ford,Racing Escort Mk1,1967
2792,,Ford,GT40 MkII #2,1966
1486,,Ford,Lotus Cortina,1966
1355,,Ford,Mustang GT Coupe,1965
3126,,Ford,Transit,1965
2980,,Ford,GT40 Mk I,1964
2979,,Ford,Anglia 105E,1959
1581,,Ford,F-100,1956
2504,,Ford,Super Deluxe Station Wagon,1946
1530,,Ford,De Luxe Coupe,1940
2372,,Ford,De Luxe Five-Window Coupe,1932
2930,,Ford,De Luxe Five-Window Coupe Forza Edition,1932
3744,,Formula Drift,Forsberg Racing Nissan Z #64,2023
3523,,Formula Drift,Toyota GR Supra #151,2020
3551,,Formula Drift,BMW M2 #91,2020
3524,,Formula Drift,Toyota Corolla Hatchback #411,2019
3247,,Formula Drift,Nissan 370Z #64,2018
3446,,Formula Drift,Chevrolet Corvette Z06 #357,2017
2997,,Formula Drift,HSV Maloo Gen-F #530,2016
2996,,Formula Drift,Ford Mustang #13,2015
3232,,Formula Drift,Chevrolet Corvette #777,2013
3400,,Formula Drift,Mazda RX-8 #99,2009
3249,,Formula Drift,599 GTB Fiorano #117,2007
3003,,Formula Drift,Dodge Viper SRT10 #43,2006
3000,,Formula Drift,Nissan 240SX #777,1997
3741,,Formula Drift,Donut Media Nissan 240SX #51,1996
3411,,Formula Drift,Toyota Supra MKIV #34,1995
3037,,Formula Drift,BMW 325i #98,1989
3530,,Forsberg Racing,Nissan Altimaniac,2021
3531,,Forsberg Racing,Nissan SafariZ 370Z,2014
3528,,Forsberg Racing,Toyota Gumout 2JZ Camry Stock Car,2010
3529,,Forsberg Racing,Nissan Gold Leader Datsun 280Z,1975
2935,,Funco Motorsports,F9,2018
3428,,Ginetta,G10 RM,2019
3809,,GMC,Barbie Movie HUMMER EV PICKUP,2022
3722,,GMC,HUMMER EV Pickup,2022
1394,,GMC,Typhoon,1992
1294,,GMC,Syclone,1991
1531,,GMC,Vandura G-1500,1983
2613,,GMC,K5 Jimmy,1970
3599,,Gordon Murray Automotive,T.50,2022
2584,,HDT,VK Commodore Group A,1985
3740,,Hennessey,Mammoth 6x6,2022
3600,,Hennessey,Venom F5,2021
3284,,Hennessey,Camaro Exorcist,2019
3189,,Hennessey,VelociRaptor 6x6,2019
1599,,Hennessey,Venom GT,2012
1533,,Holden,Torana A9X,1977
2510,,Holden,Sandman HQ panel van,1974
2417,,Holden,HQ Monaro GTS 350,1973
2870,,Honda,Civic Type R,2018
3069,,Honda,Civic Coupe,2016
2163,,Honda,Civic Type R,2016
2745,,Honda,Ridgeline Baja Trophy Truck,2015
2005,,Honda,S2000 CR,2009
625,,Honda,Civic Type-R,2007
569,,Honda,NSX-R GT,2005
411,,Honda,NSX-R,2005
302,,Honda,Civic Type-R,2004
427,,Honda,S2000,2003
1273,,Honda,Civic Type R,1997
2121,,Honda,Prelude Si,1994
412,,Honda,NSX-R,1992
320,,Honda,CR-X SiR,1991
2119,,Honda,Civic CRX Mugen,1984
1568,,Honda,Civic RS,1974
2648,,Hoonigan,Gymkhana 9 Ford Focus RS RX,2016
3115,,Hoonigan,Gymkhana 10 Ford Focus RS RX,2016
3370,,Hoonigan,Ford Escort RS Cosworth WRC Cossie V2,1994
2732,,Hoonigan,Mazda RX-7 Twerkstallion,1992
2984,,Hoonigan,Gymkhana 10 Ford Escort Cosworth Group A,1991
2736,,Hoonigan,Rauh-Welt Begriff Porsche 911 Turbo,1991
3119,,Hoonigan,Ford RS200 Evolution,1986
2730,,Hoonigan,Ford Escort RS1800,1978
2982,,Hoonigan,Gymkhana 10 Ford F-150 Hoonitruck,1977
3553,,Hoonigan,Volkswagen Baja Beetle Class 5/1600 Scumbug,1973
2729,,Hoonigan,Chevrolet Napalm Nova,1972
2734,,Hoonigan,Ford Hoonicorn Mustang,1965
3006,,Hoonigan,Gymkhana 10 Ford Hoonicorn Mustang,1965
2728,,Hoonigan,Chevrolet Bel Air,1955
3405,,Hot Wheels,2JetZ,2018
3702,,Hot Wheels,Baja Bone Shaker,2013
1532,,Hot Wheels,Bad to the Blade,2012
3704,,Hot Wheels,Rip Rod,2012
1477,,Hot Wheels,Bone Shaker,2011
2576,,Hot Wheels,Ford Mustang,2005
3703,,Hot Wheels,Deora II,2000
3706,,Hot Wheels,Pontiac Firebird Trans Am Custom,1970
2750,,Hot Wheels,Twin Mill,1969
3407,,Hot Wheels,Nash Metropolitan Custom,1957
3252,,Hot Wheels,Ford F-5 Dually Custom Hot Rod,1949
2131,,HSV,GEN-F GTS,2014
2422,,HSV,Limited Edition Gen-F GTS Maloo,2014
1345,,HUMMER,H1 Alpha,2006
3827,,Hyundai,IONIQ 5 N,2023
3828,,Hyundai,IONIQ 6,2022
3820,,Hyundai,Kona N,2022
3829,,Hyundai,N Vision 74,2022
3676,,Hyundai,Bryan Herta Autosport Elantra N #98,2021
3678,,Hyundai,I30 N,2020
2872,,Hyundai,Veloster N,2019
2437,,Infiniti,Q60 Concept,2015
2558,,International,Scout 800A,1970
3320,,Italdesign,DaVinci Concept,2019
3194,,Italdesign,Zerouno,2018
3697,,Jaguar,F-Type SVR,2020
3602,,Jaguar,XE SV Project 8,2019
2841,,Jaguar,I-PACE,2018
2571,,Jaguar,F-PACE S,2017
2492,,Jaguar,F-TYPE Project 7,2016
2162,,Jaguar,F-TYPE R Coupe,2015
2570,,Jaguar,XE-S,2015
2185,,Jaguar,XFR-S,2015
2235,,Jaguar,XKR-S GT,2015
2751,,Jaguar,XKR-S,2012
3055,,Jaguar,C-X75,2010
489,,Jaguar,XJ220,1993
3293,,Jaguar,XJ220S TWR,1993
3287,,Jaguar,Sport XJR-15,1991
3415,,Jaguar,XJ13,1966
2992,,Jaguar,Lightweight E-Type,1964
336,,Jaguar,E-type,1961
2559,,Jaguar,Mk II 3.8,1959
1301,,Jaguar,D-Type,1956
3097,,Jaguar,C-Type,1953
3255,,Jeep,Gladiator Rubicon,2020
3164,,Jeep,Grand Cherokee Trackhawk,2018
2742,,Jeep,Trailcat,2016
2108,,Jeep,Grand Cherokee SRT,2014
1496,,Jeep,Wrangler Rubicon,2012
2511,,Jeep,CJ5 Renegade,1976
3604,,Jimco,Hammerhead Class 1 #179,2020
3605,,Jimco,Fastball Racing Spec Trophy Truck #240,2019
3864,,KIA,EV6 GT,2023
3315,,Koenigsegg,Jesko,2020
2910,,Koenigsegg,Agera RS,2017
2526,,Koenigsegg,Regera,2016
2188,,Koenigsegg,One:1,2015
2575,,Koenigsegg,Agera,2011
1007,,Koenigsegg,CCGT,2008
1275,,Koenigsegg,CCX,2006
294,,Koenigsegg,CC8S,2002
3492,,KTM,X-Bow GT2,2020
3035,,KTM,X-Bow GT4,2018
1653,,KTM,X-Bow R,2013
3891,,Lamborghini,Revuelto,2024
3840,,Lamborghini,Huracan Sterrato,2023
3753,,Lamborghini,Huracan Tecnica,2023
3775,,Lamborghini,Aventador LP 780-4 Ultimae,2021
3774,,Lamborghini,Countach LPI 800-4,2021
3606,,Lamborghini,Essenza SCV12,2020
3371,,Lamborghini,Huracan EVO,2020
3672,,Lamborghini,Huracan STO,2020
3673,,Lamborghini,SC20,2020
3608,,Lamborghini,Sian Roadster,2020
3120,,Lamborghini,Urus,2019
3239,,Lamborghini,Squadra Corse Huracan Super Trofeo Evo #63,2018
3289,,Lamborghini,Aventador SVJ,2018
3217,,Lamborghini,Huracan Performante,2018
2479,,Lamborghini,Aventador Superveloce,2016
2616,,Lamborghini,Centenario LP 770-4,2016
2164,,Lamborghini,Huracan LP 610-4,2014
2042,,Lamborghini,Veneno,2013
1522,,Lamborghini,Aventador J,2012
1583,,Lamborghini,Aventador LP700-4,2012
1398,,Lamborghini,Gallardo LP 570-4 Spyder Performante,2012
1397,,Lamborghini,Gallardo LP 570-4 Superleggera,2011
2941,,Lamborghini,Sesto Elemento Forza Edition,2011
1322,,Lamborghini,Sesto Elemento,2011
1173,,Lamborghini,Murcielago LP 670-4 SV,2010
1125,,Lamborghini,Reventon,2008
324,,Lamborghini,Diablo GTR,1999
325,,Lamborghini,Diablo SV,1997
316,,Lamborghini,Countach LP5000 QV,1988
2176,,Lamborghini,LM 002,1986
3191,,Lamborghini,Espada 400 GT,1973
637,,Lamborghini,Miura P400,1967
323,,Lancia,Delta HF Integrale EVO,1992
1661,,Lancia,Delta S4,1986
1295,,Lancia,037 Stradale,1982
458,,Lancia,Stratos HF Stradale,1974
1585,,Lancia,Fulvia Coupe Rallye 1.6 HF,1968
3414,,Land Rover,Defender 110 X,2020
3136,,Land Rover,Range Rover Velar First Edition,2018
2494,,Land Rover,Range Rover Sport SVR,2015
2135,,Land Rover,Defender 90,1997
2985,,Land Rover,Range Rover,1973
2560,,Land Rover,Series III,1972
3520,,Lexus,LC 500,2021
3457,,Lexus,VASSER SULLIVAN RC F GT3 #14,2020
3546,,Lexus,RC F Track Edition,2020
2175,,Lexus,RC F,2015
1260,,Lexus,LFA,2010
1351,,Lexus,SC300,1997
1586,,Lincoln,Continental,1962
2146,,Local Motors,Rally Fighter,2014
2423,,Lola,Penske Sunoco T70 MkIIIB #6,1969
3716,,Lotus,Emira,2023
3449,,Lotus,Evija,2020
3661,,Lotus,Exige Cup 430,2018
2541,,Lotus,3-Eleven,2016
1601,,Lotus,Exige S,2012
1187,,Lotus,2-Eleven,2009
335,,Lotus,Esprit V8,2002
2405,,Lotus,340R,2000
1376,,Lotus,Elise Series 1 Sport 190,1999
2825,,Lotus,Elise GT1,1997
1334,,Lotus,Esprit Turbo,1980
330,,Lotus,Elan Sprint,1971
3811,,Lucid,Air Sapphire,2023
3788,,Lynk & Co,02 Hatchback,2022
3787,,Lynk & Co,05+,2022
3677,,Lynk & Co,03+,2021
3552,,Lynk & Co,Cyan Racing 03 #100,2020
2865,,Maserati,Levante S,2017
1304,,Maserati,Gran Turismo S,2010
3568,,Maserati,Gran Turismo S Forza Edition,2010
3082,,Maserati,MC12 Versione Corsa,2008
2068,,Maserati,8CTF,1939
3823,,Mazda,MX-5 Miata RF,2022
2267,,Mazda,MX-5,2016
2004,,Mazda,MX-5,2013
1392,,Mazda,RX-8 R3,2011
2171,,Mazda,Mazdaspeed MX-5,2005
425,,Mazda,RX-7 Spirit R Type-A,2002
424,,Mazda,RX-7,1997
1110,,Mazda,MX-5 Miata,1994
2209,,Mazda,323 GT-R,1992
423,,Mazda,Savanna RX-7,1990
3668,,McLaren,Artura,2023
3655,,McLaren,620R,2021
3482,,McLaren,765LT,2021
3700,,McLaren,Sabre,2021
3437,,McLaren,GT,2020
3154,,McLaren,720S Spider,2019
3156,,McLaren,Speedtail,2019
3153,,McLaren,600LT Coupe,2018
2846,,McLaren,720S Coupe,2018
2988,,McLaren,Senna,2018
2472,,McLaren,570S Coupe,2015
2189,,McLaren,650S Coupe,2015
3087,,McLaren,650S Spider,2014
1667,,McLaren,P1,2013
1426,,McLaren,12C Coupe,2011
338,,McLaren,F1 GT,1997
1314,,McLaren,F1,1993
3616,,Mercedes-AMG,GT Black Series,2021
3650,,Mercedes-AMG,ONE,2021
3617,,Mercedes-AMG,SL 63,2021
3250,,Mercedes-AMG,E 63 S,2018
3064,,Mercedes-AMG,GT 4-Door Coupe,2018
3197,,Mercedes-AMG,GT3,2018
2654,,Mercedes-AMG,GT R,2017
2471,,Mercedes-AMG,C 63 S Coupe,2016
2242,,Mercedes-AMG,GT S,2015
3063,,Mercedes-Benz,X-Class,2018
2424,,Mercedes-Benz,Tankpool24 Racing Truck #24,2015
2947,,Mercedes-Benz,Tankpool24 Racing Truck Forza Edition #24,2015
3107,,Mercedes-Benz,G 63 AMG 6x6,2014
2986,,Mercedes-Benz,Unimog U5023,2014
1658,,Mercedes-Benz,A 45 AMG,2013
2021,,Mercedes-Benz,E 63 AMG,2013
1627,,Mercedes-Benz,G 65 AMG,2013
1523,,Mercedes-Benz,C 63 AMG Coupe Black Series,2012
1500,,Mercedes-Benz,SLK 55 AMG,2012
1130,,Mercedes-Benz,SLS AMG,2011
1090,,Mercedes-Benz,SL 65 AMG Black Series,2009
3178,,Mercedes-Benz,E 55 AMG Wagon,2006
1387,,Mercedes-Benz,AMG CLK GTR,1998
568,,Mercedes-Benz,AMG CLK GTR Forza Edition,1998
3175,,Mercedes-Benz,500 E,1992
1296,,Mercedes-Benz,190E 2.5-16 Evolution II,1990
3176,,Mercedes-Benz,AMG Hammer Coupe,1987
3177,,Mercedes-Benz,AMG Hammer Wagon,1987
1619,,Mercedes-Benz,280 SL,1967
1559,,Mercedes-Benz,300 SLR,1955
251,,Mercedes-Benz,300 SL Coupe,1954
2069,,Mercedes-Benz,W154,1939
3026,,Mercedes-Benz,SSK,1929
3206,,Mercury,Cyclone Spoiler,1970
3795,,Meyers Manx,2.0 EV,2023
2416,,Meyers Manx,(classic),1971
3570,,Meyers Manx,Forza Edition,1971
3793,,MG,Cyberster,2023
3794,,MG,MG7,2022
3689,,MG,MG6 XPower,2021
3537,,MG,MG6 XPower #20,2020
2173,,MG,MG3,2015
3271,,MG,XPower SV-R,2005
2147,,MG,Metro 6R4,1986
3534,,MINI,John Cooper Works GP,2021
3131,,MINI,John Cooper Works Countryman ALL4,2018
3132,,MINI,X-Raid John Cooper Works Buggy,2018
2148,,MINI,X-Raid ALL4 Racing Countryman,2013
2003,,MINI,John Cooper Works GP,2012
1098,,MINI,John Cooper Works,2009
2699,,MINI,Cooper S Forza Edition,1965
1662,,MINI,Cooper S,1965
1009,,Mitsubishi,Lancer Evolution X GSR,2008
3683,,Mitsubishi,Lancer Evolution X GSR Welcome Pack,2008
374,,Mitsubishi,Lancer Evolution IX MR,2006
3554,,Mitsubishi,Sierra Enterprises Lancer Evolution Time Attack #1,2005
378,,Mitsubishi,Lancer Evolution VIII MR,2004
375,,Mitsubishi,Lancer Evolution VI GSR,1999
2948,,Mitsubishi,FTO GP Version R,1998
357,,Mitsubishi,GTO,1997
2652,,Mitsubishi,Montero Evolution,1997
327,,Mitsubishi,Eclipse GSX,1995
3886,,Mitsubishi,Lancer Evolution III GSR,1995
1381,,Mitsubishi,Galant VR-4,1992
1297,,Mitsubishi,Starion ESI-R,1988
3094,,Morgan,Aero GT,2018
2562,,Morgan,3 Wheeler,2014
3142,,Morris,Mini-Traveller,1965
2964,,Morris,Minor 1000 Forza Edition,1953
2911,,Morris,Minor 1000,1953
3116,,Morris,Minor Series II Traveler,1953
1253,,Mosler,MT900S,2010
3495,,Mosler,MT900 GT3,2006
2989,,Napier,Napier-Railton,1933
3366,,NIO,EP9,2016
3921,,Nissan,Z NISMO,2024
3620,,Nissan,Z,2023
3622,,Nissan,GT-R NISMO (R35),2020
3307,,Nissan,370Z NISMO,2019
2874,,Nissan,Sentra NISMO,2018
2618,,Nissan,GT-R (R35),2017
2662,,Nissan,Titan Warrior Concept,2016
2002,,Nissan,GT-R Black Edition (R35),2012
1103,,Nissan,370Z,2010
3810,,Nissan,Tsuru,2010
3743,,Nissan,Donut Media 350Z Low Car,2004
2744,,Nissan,Pickup #23 Rally Raid,2004
3742,,Nissan,Donut Media 350Z Hi Car,2003
344,,Nissan,Fairlady Z,2003
445,,Nissan,Skyline GT-R V-Spec II,2002
441,,Nissan,Silvia Spec-R,2000
349,,Nissan,R390 (GT1),1998
567,,Nissan,Silvia K's Aero,1998
1043,,Nissan,Skyline GT-R V-Spec,1997
3858,,Nissan,Stagea Four V,1997
2738,,Nissan,NISMO GT-R LM,1995
345,,Nissan,Fairlady Z Version S Twin Turbo,1994
440,,Nissan,Silvia K's,1994
1282,,Nissan,240SX SE,1993
444,,Nissan,Skyline GT-R V-Spec,1993
439,,Nissan,Silvia CLUB K's,1992
3855,,Nissan,Figaro,1991
3257,,Nissan,Pulsar GTi-R,1990
3929,,Nissan,PAO,1989
3860,,Nissan,S-Cargo,1989
3856,,Nissan,Be-1,1987
2512,,Nissan,Skyline GTS-R (HR31),1987
2822,,Nissan,Safari Turbo,1985
2270,,Nissan,Skyline H/T 2000GT-R,1973
1042,,Nissan,Skyline 2000GT-R,1971
343,,Nissan,Fairlady Z 432,1969
1253,,Noble,M600,2010
3331,,Noble,M400,2006
3201,,Oldsmobile,Toronado,1966
2420,,Opel,Manta 400,1984
3543,,Pagani,Huayra R,2021
3572,,Pagani,Huayra BC Forza Edition,2016
2647,,Pagani,Huayra BC,2016
1427,,Pagani,Huayra Coupe,2011
1175,,Pagani,Zonda R,2010
1369,,Pagani,Zonda Cinque Roadster Oreo Edition,2009
3791,,Pagani,Zonda Cinque Roadster,2009
3005,,Peel,Trident,1965
2987,,Peel,P50,1962
1202,,Penhall,The Cholla,2011
615,,Peugeot,207 Super 2000,2007
3180,,Peugeot,205 Rallye,1991
1591,,Peugeot,205 Turbo 16,1984
1277,,Plymouth,Cuda 426 Hemi,1971
281,,Plymouth,Barracuda Formula-S,1968
3244,,Plymouth,Belvedere,1964
2216,,Plymouth,Fury,1958
3686,,Polaris,RZR Pro XP Factory Racing Limited Edition,2021
3687,,Polaris,RZR Pro XP Ultimate,2021
2521,,Polaris,RZR XP 1000 EPS,2015
1045,,Pontiac,Firebird Trans Am GTA,1987
3573,,Pontiac,Firebird Trans Am GTA Forza Edition,1987
1276,,Pontiac,Firebird Trans Am,1977
1005,,Pontiac,Firebird Trans Am SD-455,1973
1309,,Pontiac,GTO Judge,1969
1338,,Pontiac,Firebird,1968
1285,,Pontiac,GTO,1965
3951,,Porsche,911 GT3 R,2023
3781,,Porsche,911 GT3 RS,2023
3910,,Porsche,911 Rallye,2023
3953,,Porsche,911 Turbo S,2023
3890,,Porsche,Taycan Cross Turismo Turbo S,2023
3760,,Porsche,718 Cayman GT4 RS,2022
3698,,Porsche,Mission R,2022
3667,,Porsche,911 GT3,2021
3445,,Porsche,Taycan Turbo S,2020
3685,,Porsche,Taycan Turbo S Welcome Pack,2020
3214,,Porsche,Porsche Motorsport 935 #70,2019
3123,,Porsche,911 Carrera S,2019
3072,,Porsche,911 GT3 RS,2019
3574,,Porsche,911 GT3 RS Forza Edition,2019
3215,,Porsche,911 Speedster,2019
3074,,Porsche,Macan Turbo,2019
3117,,Porsche,718 Cayman GTS,2018
2755,,Porsche,911 GT2 RS,2018
3218,,Porsche,911 GT3 R,2018
2773,,Porsche,Cayenne Turbo,2018
3187,,Porsche,Macan LPR Rally Raid,2018
2775,,Porsche,Porsche GT Team 911 RSR #92,2017
2741,,Porsche,Panamera Turbo,2017
2528,,Porsche,911 GT3 RS,2016
2529,,Porsche,Cayman GT4,2016
2293,,Porsche,Cayman GTS,2015
2289,,Porsche,911 Turbo S,2014
2290,,Porsche,918 Spyder,2014
1539,,Porsche,911 GT2 RS,2012
3234,,Porsche,911 Sport Classic,2010
262,,Porsche,911 GT3,2004
292,,Porsche,Carrera GT,2003
2659,,Porsche,911 GT1 Strassenversion,1998
3160,,Porsche,911 Carrera 2 by Gunther Werks,1995
261,,Porsche,911 GT2,1995
2534,,Porsche,968 Turbo S,1993
3248,,Porsche,911 Reimagined by Singer DLS,1990
3188,,Porsche,Rothsport Racing 911 Desert Flyer #65,1989
268,,Porsche,944 Turbo,1989
269,,Porsche,959,1987
3031,,Porsche,Prodrive Rally Raid 959 #185,1985
265,,Porsche,911 Turbo 3.3,1982
260,,Porsche,911 Carrera RS,1973
3021,,Porsche,906 Carrera 6,1966
3150,,Porsche,356 C Cabriolet Emory Special,1964
3036,,Porsche,356 A 1600 Super,1959
1281,,Porsche,550A Spyder,1955
3111,,Porsche,356 SL Gmünd Coupe #46,1951
2486,,Radical,RXC Turbo,2015
3196,,RAESR,Tachyon Speed,2019
2838,,Ram,2500 Power Wagon,2017
1532,,Reliant,Supervan III,1972
247,,Toyota,2000GT,1969
263,,Porsche,911 GT3,2007
266,,Porsche,914/6,1970
278,,Vauxhall,Astra VXR,2006
286,,Mercedes-Benz,C 32 AMG,2004
287,,Chevrolet,Camaro 35th Anniversary Super Sport,2002
291,,Vauxhall,Lotus Carlton,1990
295,,Toyota,Celica Sport Specialty II,2003
306,,Shelby,Cobra 427 S/C,1965
309,,Volkswagen,Corrado VR6,1995
350,,Infiniti,G35 Coupe,2003
353,,Volkswagen,Golf Gti 16v Mk2,1992
354,,Volkswagen,Golf R32,2003
363,,SUBARU,Impreza 22B-STi Version,1998
364,,SUBARU,IMPREZA WRX STI,2004
365,,Subaru,Impreza WRX STI,2005
391,,Maserati,MC12,2004
397,,Vauxhall,Monaro VXR,2005
398,,Toyota,MR2 GT,1995
428,,Audi,S4,2004
432,,Saleen,S7,2004
433,,TVR,Sagaris,2005
453,,Renault,Sport Clio V6,2003
455,,Toyota,Sprinter Trueno GT Apex,1985
457,,Dodge,Stealth R/T Turbo,1996
460,,Toyota,Supra 2.0 GT,1992
461,,Toyota,Supra RZ,1998
462,,Eagle,Talon TSi Turbo,1998
479,,Aston Martin,V12 Vanquish,2001
498,,Bentley,#7 Team Bentley Speed 8,2003
505,,BMW,#15 BMW Motorsport V12 LMR,1999
524,,Ferrari,#12 Risi Competizione F333 SP,1998
540,,Porsche,#17 Porsche AG 962c,1987
550,,Peugeot,#3 Peugeot Talbot Sport 905 EVO 1C,1993
555,,Toyota,#3 Toyota Motorsports GT-ONE TS020,1999
634,,Renault,5 Turbo,1980
641,,Porsche,911 GT1 Strassenversion,1997
1033,,Chevrolet,Camaro IROC-Z,1990
1034,,Toyota,Celica GT-Four ST205,1994
1060,,SUBARU,IMPREZA WRX STI,2008
1065,,Pontiac,Firebird Trans Am Ram Air,2002
1117,,Audi,R8 5.2,2019
1155,,Shelby,Cobra Daytona Coupe,1965
1217,,BMW,M6 Coupe '10,2010
1229,,Mazda,Furai,2008
1231,,Volkswagen,Golf R,2010
1280,,Mercury,Cougar Eliminator,1970
1292,,Dodge,Shelby Omni GLHS,1986
1299,,Volvo,242 Turbo Evolution,1983
1306,,Dodge,SRT-4 ACR,2005
1317,,Chevrolet,#55 Level 5 Motorsports Oreca FLM09,2010
1323,,SUBARU,WRX STI,2011
1325,,Alfa Romeo,Giulietta Quadrifoglio Verde,2011
1331,,Plymouth,GTX 426 HEMI,1971
1335,,Mazda,#55 Mazda 787B,1991
1336,,Oldsmobile,Hurst/Olds 442,1969
1337,,Pontiac,Firebird Trans Am,1969
1348,,Peugeot,308 GTI,2011
1370,,Audi,Avant RS 2,1995
1380,,Volkswagen,Scirocco S,1981
1382,,SUBARU,LEGACY RS,1990
1383,,Volkswagen,Gti VR6 Mk3,1998
1395,,Toyota,MR2 SC,1989
1396,,HSV,GTS,2011
1403,,Mazda,Racing B09/86,2010
1428,,Volkswagen,Scirocco R,2011
1435,,Volkswagen,Beetle,1963
1440,,Ferrari,Risi Competizione 458 Italia GTC,2011
1457,,McLaren,#4 McLaren Cars M8B,1969
1462,,Maserati,300 S,1957
1480,,Mazda,RX-7 GSL-SE,1985
1481,,Austin-Healey,3000 MkIII,1965
1487,,MG,MGA Twin-Cam,1958
1490,,Vauxhall,Astra VXR,2012
1511,,Holden,Monaro GTS 327,1968
1513,,Maserati,Ghibli Cup,1997
1514,,Mazda,RX-3,1973
1517,,Toyota,Celica GT-Four RC ST185,1992
1519,,Aston Martin,V8 Vantage V600,1998
1524,,Maserati,Tipo 61 Birdcage,1961
1525,,Mercedes-Benz,SLK 55 AMG,2012
1535,,Lexus,GS350 F Sport,2013
1537,,Toyota,Corolla SR5,1974
1550,,Aston Martin,DB4 GT Zagato,1960
1551,,Aston Martin,#18 Aston Martin AMR1,1989
1553,,Chaparral,#66 Chaparral Cars 2E,1966
1560,,Mercedes-Benz,#63 Sauber-Mercedes C 9,1989
1573,,Audi,#4 Audi 90 quattro IMSA GTO,1989
1587,,Mazda,Cosmo 110S Series II,1972
1589,,MG,MGB GT,1966
1592,,Toyota,Celica GT,1974
1612,,Volkswagen,Scirocco 16v,1988
1620,,Dodge,Challenger SRT8,2012
1655,,SUBARU,BRZ,2013
1663,,Infiniti,IPL G Coupe,2012
1665,,Citroen,DS 3 Racing,2011
1670,,McLaren,#12 Honda McLaren MP4/4,1988
1671,,McLaren,M2B,1966
1672,,McLaren,#11 Team McLaren M23,1976
2007,,Toyota,86,2013
2009,,Audi,RS 7 Sportback,2013
2015,,Ferrari,#1 Scuderia Ferrari 312 T2,1976
2024,,Lotus,Type 49,1967
2033,,Brabham,BT24,1967
2049,,Willys,MB Jeep,1945
2051,,Maserati,Ghibli S Q4,2014
2083,,Mazda,Formula Mazda,2015
2097,,Lexus,IS 350 F Sport,2014
2103,,BMW,#6 BMW Motorsport M1 Procar,1979
2104,,Dodge,Dart GT,2013
2112,,BMW,#25 BMW Motorsport 3.0 CSL,1975
2118,,Holden,Xbox Racing Team Commodore VF,2013
2125,,Ford,#2 Zakspeed Racing Capri Turbo,1981
2126,,Ferrari,#1 Scuderia Ferrari 641,1990
2140,,Subaru,BRAT GL,1980
2142,,Volkswagen,Golf R,2014
2149,,Renault,Clio Williams,1993
2151,,Volkswagen,Type 2 De Luxe,1963
2160,,Opel,Kadett C GT/E,1979
2165,,Lotus,Evora S,2011
2166,,Infiniti,Q50 Eau Rouge,2014
2168,,SUBARU,WRX STI,2015
2186,,Ferrari,500 Mondial,1953
2193,,BMW,323ti Sport,2000
2203,,Holden,VL Commodore Group A SV,1988
2205,,Honda,S800,1970
2207,,Lamborghini,Jarama S,1972
2226,,Chevrolet,#3 Corvette Racing Corvette C7.R,2014
2229,,Dodge,#93 SRT Motorsports Viper GTS-R,2014
2240,,Mazda,#70 SpeedSource Lola B12/80,2014
2255,,Mazda,MX-5 Miata,1990
2258,,Volkswagen,#1107 Desert Dingo Racing Stock Bug,1970
2265,,Honda,RA300,1967
2266,,Lotus,#5 Team Lotus 77,1976
2268,,Ferrari,250LM,1963
2269,,Nissan,#21 Nissan Racing R382,1969
2271,,Audi,#2 Audi Team Joest R18 e-tron quattro,2014
2272,,Datsun,2000 Roadster,1969
2275,,Eagle-Weslake,T1G,1967
2298,,Porsche,Racing 935/78 #43,1978
2299,,Porsche,356A Speedster,1957
2300,,BMW,V12 LMR #16,1999
2302,,Toyota,#8 Toyota Racing TS040 HYBRID,2014
2312,,Lola,#10 Simoniz Special T163,1969
2314,,Ford,#17 AMD Tuning Focus ST BTCC,2014
2315,,Ferrari,#72 N.A.R.T. 512 BB/LM,1982
2333,,Mercury,#15 Whistler Radar Cougar XR-7,1990
2334,,Mazda,#62 Mazda Motorsport RX-7,1991
2368,,Nissan,#23 GT-R LM NISMO,2015
2379,,Lamborghini,#63 Squadra Corse Huracan LP620-2 Super Trofeo,2015
2401,,Ferrari,F-158 F1,1964
2403,,Bentley,#17 M-Sport Bentley Continental GT3,2014
2409,,Ford,#02 Chip Ganassi Racing Riley Mk XXVI Daytona Prototype,2015
2426,,Alpine,GTA Le Mans,1990
2427,,Vauxhall,Corsa VXR,2016
2428,,W Motors,Lykan HyperSport,2016
2434,,Toyota,#99 All American Racers Toyota Eagle MkIII,1992
2469,,Toyota,Sports 800,1965
2470,,Aston Martin,Vulcan,2016
2474,,Zenvo,ST1,2016
2475,,Spania GTA,GTA Spano,2016
2481,,McLaren,P1 GTR,2015
2482,,Nissan,#20 Bluebird Super Silhouette,1984
2483,,Nissan,#23 Nissan R91CP,1991
2485,,Chevrolet,#10 Konica Minolta Corvette Daytona Prototype,2015
2488,,Datsun,#33 280ZX Turbo,1979
2506,,Maserati,A6GCS/53 PininFarina Berlinetta,1953
2514,,Ford,Falcon GT,1992
2523,,Chevrolet,Camaro Super Sport,2016
2532,,Porsche,924 Carrera GTS,1980
2535,,Porsche,928 GTS,1993
2537,,Porsche,718 RS 60,1960
2538,,Porsche,#91 Porsche Team Manthey 991 RSR,2015
2548,,Porsche,MOMO 935/78 #78,1978
2549,,Porsche,#3 917 LH,1970
2566,,Toyota,FJ40,1979
2568,,Volkswagen,Class 5/1600 Baja Bug,1969
2569,,Ultima,Evolution Coupe 1020,2015
2581,,Chrysler,VH Valiant Charger R/T E49,1972
2582,,HSV,GTSR,1996
2586,,Volvo,V60 Polestar,2015
2587,,Holden,HSV Commodore Group A SV,1988
2636,,Toyota,#1 T100 Baja Truck,1993
2656,,Toyota,Hilux Arctic Trucks AT38,2007
2743,,Toyota,Land Cruiser Arctic Trucks AT37,2016
2760,,Ford,#17 Shell V-Power Racing Team Falcon FG X,2017
2774,,Porsche,#2 Porsche Team 919 Hybrid,2017
2776,,Chevrolet,#76 Greenwood Corvette,1976
2794,,Porsche,911 Turbo S Leichtbau,1993
2796,,Holden,#22 Walkinshaw Performance VF Commodore,2017
2797,,Nissan,Altima Racecar,2017
2800,,Jaguar,#44 Group 44 XJR-5,1983
2801,,Nissan,#11 Tomica Skyline Turbo Super Silhouette,1984
2817,,Honda,Prelude Type SH,2000
2823,,Nissan,R380 II,1967
2824,,BMW,#24 BMW Team RLL M6 GTLM,2017
2826,,Jaguar,#1 Jaguar Racing XJR-9,1988
2840,,Nissan,#33 Bob Sharp Racing 300ZX,1988
2844,,VUHL,05RR,2017
2852,,Audi,#1 Audi Sport RS 3 LMS,2018
2859,,Audi,#17 Rotek Racing TT RS,2016
2860,,Aston Martin,Vantage GT3 Racing V12,2017
2866,,Exomotive,Exocet Sport V8 XP-5,2018
2868,,Ford,#6 Zakspeed Roush Mustang IMSA GT,1982
2869,,Porsche,917/20 #23,1971
2875,,Mercedes-Benz,#33 Mac Tools Ciceley Motorsports A-Class (A45),2017
2967,,Oreca,#38 Jackie Chan DC Racing Oreca 07,2017
2993,,TVR,Griffith,2018
2995,,Volkswagen,Golf GTI,1983
3007,,Volkswagen,Beetle #34,2017
3018,,Nissan,#83 GTP ZX-Turbo,1985
3019,,Ferrari,166 Inter Sport,1948
3023,,Porsche,#11 John Fitzpatrick Racing 956,1983
3024,,Aston Martin,DBS,1967
3028,,Merkur,#11 MAC Tools XR4Ti,1986
3079,,Shelby,Monaco King Cobra,1963
3080,,Matra-Simca,Equipe MS650 Tour de France,1969
3129,,Renault,Megane R26.R,2008
3134,,Renault,Megane R.S.,2018
3140,,Rimac,Concept Two,2019
3155,,McLaren,Senna GTR,2019
3157,,McLaren,#03 720S GT3,2019
3158,,Ford,#15 Roush Racing Whistler Mustang,1991
3161,,Volkswagen,#22 Experion Racing Golf GTI,2018
3182,,Renault,Clio R.S. 16 Concept,2016
3198,,Pantera,GTS,1980
3212,,Zenvo,TSR-S,2019
3229,,Audi,#44 R8 LMS GT3,2018
3231,,Vauxhall,#66 Power Maxed TAG Racing Astra,2017
3235,,Volkswagen,Pickup LX,1982
3240,,Acura,#36 NSX GT3,2018
3241,,Subaru,WRX STI ARX Supercar,2018
3243,,Peugeot,#7 DG Sport Competition 308,2018
3251,,Ford,#98 Breathless Pro Racing TA Mustang,2018
3256,,Chevrolet,#23 Ruman Racing TA Corvette,2018
3266,,BRM,#14 Team Motul P201,1974
3268,,Lotus,Team Lotus type 35,1965
3270,,McLaren,#4 Bruce McLaren Motor Racing M1B,1966
3272,,SUBARU,#1 Adrian Flux SUBARU Racing Levorg GT,2018
3276,,Saleen,S1,2018
3278,,Ford,Saleen S302 Black Label,2015
3282,,Porsche,AG 961 #203,1987
3283,,Cadillac,#57 TA CTS-V,2018
3292,,Dodge,#9 American V8 Road Racing TA Challenger,2019
3298,,Porsche,924 GTP Le Mans,1981
3301,,Lotus,Team Lotus 98T,1986
3309,,Lotus,#1 Team Lotus Type 40,1965
3310,,Oldsmobile,#75 Cutlass Supreme Trans Am,1990
3316,,Buick,#6 Performance Motorsports Somerset Regal Trans-Am,1985
3338,,Nissan,Motorsport International R88C,1988
3362,,Nissan,Silvia Super Silhouette,1984
3363,,Nissan,Pennzoil NISMO Skyline GTR,1999
3365,,Ligier,Euro international JS P3,2015
3373,,Toyota,4Runner TRD Pro,2019
3374,,Toyota,Tacoma TRD Pro,2019
3392,,Formula Drift,Silvia #215,2000
3395,,Renault,8 Gordini,1967
3402,,Toyota,GR Supra,2020
3403,,Renault,Equipe Renault Elf R.S. 01,1978
3412,,SUBARU,STI S209,2019
3413,,Volkswagen,Golf R,2021
3418,,Toyota,86 TRD SE,2019
3419,,Toyota,Tundra TRD Pro,2020
3420,,Acura,#6 ARX-05 DPi,2020
3427,,Ginetta,G55 GT4,2011
3429,,Ginetta,G40 Junior,2019
3434,,BMW,M2 Competition Coupe,2020
3435,,Chevrolet,Beretta Trans AM,1990
3436,,Ford,Mustang Boss 302 Trans AM,1970
3460,,Ginetta,#6 Team LNT Ginetta G60-LT-P1,2019
3497,,Nissan,#23 NISMO Clarion R391,1999
3498,,Saleen,S7 LM,2017
3499,,Saleen,Sportruck XR Black Label,2020
3506,,Porsche,#1 911 RSR,1974
3517,,Brabham,BT8,1966
3521,,Toyota,Starlet Time Attack,1984
3532,,Hyundai,#98 Bryan Herta Autosport Veloster N,2020
3533,,Volkswagen,Golf R,2022
3541,,Chevron,B16,1969
3545,,Honda,#73 LA Honda World Racing Civic,2020
3547,,Xpeng,P7,2020
3548,,Wuling,Sunshine S,2013
3590,,Chevrolet,K10 Custom,1972
3625,,Rimac,Nevera,2021
3629,,Toyota,GR Yaris,2021
3633,,Lamborghini,Sian FKP 37,2019
3652,,Oreca,Performance Tech 07,2017
3657,,Rivian,R1T,2022
3658,,Rivian,R1S,2022
3662,,RJ Anderson,#37 Polaris RZR Pro 4 Truck,2021
3669,,Cadillac,#31 Whelen Racing DPi-V.R,2021
3681,,Toyota,Supra RZ 'Welcome Pack',1998
3696,,Shelby,GT 500,1965
3735,,SUBARU,BRZ,2022
3745,,Audi,R8 V10 performance,2020
3759,,Lamborghini,Huracan EVO Spyder,2020
3761,,Toyota,GR86,2022
3762,,Aston Martin,AMR Vantage GTE,2018
3767,,Acura,NSX Type S,2022
3792,,Cadillac,#31 Whelen Engineering Cadillac Racing V-Series.R,2023
3798,,Mazda,MX-5 Cup,2017
3800,,Chevrolet,Corvette Stingray Coupe Forza Edition,2020
3801,,Chevrolet,Camaro ZL1 1LE Forza Edition,2018
3802,,Hyundai,Veloster N Forza Edition,2019
3803,,Mercedes-AMG,C 63 S Coupe Forza Edition,2016
3804,,SUBARU,STI S209 Forza Edition,2019
3807,,Porsche,911 GT2 RS Forza Edition,2018
3848,,Toyota,Camry TRD,2023
3862,,Hyundai,Elantra N,2022
3866,,Cadillac,#01 Cadillac Racing V-Series.R,2023
3867,,Cadillac,#2 Cadillac Racing V-Series.R,2023
3868,,Ford,Mustang RTR #88,2024
3870,,Ford,Mustang RTR #25,2024
3874,,Lamborghini,SC63,2023
3876,,Porsche,Penske 963,2023
3888,,BMW,3.0 CSL #1,1976
3906,,Lotus,Evora GT430,2018
3913,,BMW,Team RLL M Hybrid V8 #25,2023
3915,,Toyota,Mark II Tourer V JXZ100,1997
3916,,Ford,Mustang RTR #130,2024
3919,,BMW,M4 GT3 #96,2023
3928,,Hyundai,i20N,2021
3993,,Toyota,NASCAR Next Gen Camry XSE,2024
3994,,Chevrolet,NASCAR Next Gen Camaro ZL1,2024
3995,,Ford,NASCAR Next Gen Mustang Dark Horse,2024
4026,,Ford,Mustang GT3,2024
4208,,Honda,Indy '25,2015
4209,,Chevy,Indy '25,2015
